label,area,perimeter,equivalent_diameter,eccentricity,solidity,mean_intensity,intensity_std,image_name,snr_raw,snr_denoised
1,6064.0,306.83556979968256,87.86879195296831,0.46415489292226214,0.967453733248245,0.3137694655698691,0.19686149986462909,11500X00.png,4.852891679069054,4.886471242560608
2,4162.0,255.03657992645924,72.79576213755679,0.3491218135035201,0.9570016095654174,0.3919542829145113,0.1514671377653377,11500X00.png,4.852891679069054,4.886471242560608
3,2313.0,184.36753236814712,54.26788246258031,0.44435094163443556,0.9669732441471572,0.46939294524554304,0.1148009634348766,11500X00.png,4.852891679069054,4.886471242560608
4,1817.0,167.68124086713186,48.098609676203644,0.14415854403725517,0.9513089005235602,0.4959694389588527,0.10864034201326622,11500X00.png,4.852891679069054,4.886471242560608
5,1757.0,163.43860018001263,47.297799949888585,0.41206571692295746,0.9601092896174863,0.5284721059738636,0.08195154370689513,11500X00.png,4.852891679069054,4.886471242560608
6,1548.0,151.05382386916236,44.39566212199151,0.29708363791918657,0.9591078066914498,0.5285681714546284,0.08391785654795371,11500X00.png,4.852891679069054,4.886471242560608
7,998.0,119.84062043356595,35.64678198162763,0.4588378052708259,0.9633204633204633,0.5741129317458447,0.06043801660814504,11500X00.png,4.852891679069054,4.886471242560608
8,213.0,65.00609665440987,16.46815177937675,0.8681245390951298,0.9383259911894273,0.6106968609039859,0.04037341658427511,11500X00.png,4.852891679069054,4.886471242560608
1,6064.0,306.83556979968256,87.86879195296831,0.46415489292226214,0.967453733248245,0.3137694655698691,0.19686149986462909,11500X01.png,4.852891679069054,4.886471242560608
2,4162.0,255.03657992645924,72.79576213755679,0.3491218135035201,0.9570016095654174,0.3919542829145113,0.1514671377653377,11500X01.png,4.852891679069054,4.886471242560608
3,2313.0,184.36753236814712,54.26788246258031,0.44435094163443556,0.9669732441471572,0.46939294524554304,0.1148009634348766,11500X01.png,4.852891679069054,4.886471242560608
4,1817.0,167.68124086713186,48.098609676203644,0.14415854403725517,0.9513089005235602,0.4959694389588527,0.10864034201326622,11500X01.png,4.852891679069054,4.886471242560608
5,1757.0,163.43860018001263,47.297799949888585,0.41206571692295746,0.9601092896174863,0.5284721059738636,0.08195154370689513,11500X01.png,4.852891679069054,4.886471242560608
6,1548.0,151.05382386916236,44.39566212199151,0.29708363791918657,0.9591078066914498,0.5285681714546284,0.08391785654795371,11500X01.png,4.852891679069054,4.886471242560608
7,998.0,119.84062043356595,35.64678198162763,0.4588378052708259,0.9633204633204633,0.5741129317458447,0.06043801660814504,11500X01.png,4.852891679069054,4.886471242560608
8,213.0,65.00609665440987,16.46815177937675,0.8681245390951298,0.9383259911894273,0.6106968609039859,0.04037341658427511,11500X01.png,4.852891679069054,4.886471242560608
1,5365.0,316.97770542341357,82.64944136232349,0.7642124856496617,0.9237258953168044,0.31975074465946673,0.16814052006451427,11500X02.png,4.1016084502864025,4.150692682432727
2,3502.0,238.55129855222071,66.77488214637701,0.3700117829678644,0.9490514905149051,0.3722533902195944,0.1508992583994903,11500X02.png,4.1016084502864025,4.150692682432727
3,2483.0,204.5685424949238,56.22680668131002,0.577123345315924,0.947348340328119,0.3066594015777878,0.18300948521028532,11500X02.png,4.1016084502864025,4.150692682432727
4,2496.0,198.16652224137044,56.37380511956742,0.5831728878453806,0.9383458646616541,0.37500942684766214,0.1328106317701033,11500X02.png,4.1016084502864025,4.150692682432727
5,2826.0,214.89444430272832,59.98478935048093,0.3438219743230202,0.9595925297113752,0.39625189070674277,0.1300046984598027,11500X02.png,4.1016084502864025,4.150692682432727
6,2026.0,183.9827560572969,50.78959851813597,0.49248210533701725,0.9552098066949553,0.35245146429746627,0.14750645552304292,11500X02.png,4.1016084502864025,4.150692682432727
7,1530.0,148.71067811865473,44.13679308065777,0.37877993478940775,0.9665192672141504,0.4669383570421633,0.0890864809872609,11500X02.png,4.1016084502864025,4.150692682432727
8,1648.0,162.71067811865476,45.80719124464573,0.4293625774889919,0.9454962707974757,0.4729440319817247,0.08892255556922442,11500X02.png,4.1016084502864025,4.150692682432727
9,1378.0,150.95331880577405,41.88703967392604,0.46128833695494037,0.9374149659863945,0.46215316315205324,0.10132211493288441,11500X02.png,4.1016084502864025,4.150692682432727
10,1006.0,120.66904755831214,35.78936967876878,0.5419651544340475,0.9508506616257089,0.5144505515924063,0.06943905434367523,11500X02.png,4.1016084502864025,4.150692682432727
1,5365.0,316.97770542341357,82.64944136232349,0.7642124856496617,0.9237258953168044,0.31975074465946673,0.16814052006451427,11500X03.png,4.1016084502864025,4.150692682432727
2,3502.0,238.55129855222071,66.77488214637701,0.3700117829678644,0.9490514905149051,0.3722533902195944,0.1508992583994903,11500X03.png,4.1016084502864025,4.150692682432727
3,2483.0,204.5685424949238,56.22680668131002,0.577123345315924,0.947348340328119,0.3066594015777878,0.18300948521028532,11500X03.png,4.1016084502864025,4.150692682432727
4,2496.0,198.16652224137044,56.37380511956742,0.5831728878453806,0.9383458646616541,0.37500942684766214,0.1328106317701033,11500X03.png,4.1016084502864025,4.150692682432727
5,2826.0,214.89444430272832,59.98478935048093,0.3438219743230202,0.9595925297113752,0.39625189070674277,0.1300046984598027,11500X03.png,4.1016084502864025,4.150692682432727
6,2026.0,183.9827560572969,50.78959851813597,0.49248210533701725,0.9552098066949553,0.35245146429746627,0.14750645552304292,11500X03.png,4.1016084502864025,4.150692682432727
7,1530.0,148.71067811865473,44.13679308065777,0.37877993478940775,0.9665192672141504,0.4669383570421633,0.0890864809872609,11500X03.png,4.1016084502864025,4.150692682432727
8,1648.0,162.71067811865476,45.80719124464573,0.4293625774889919,0.9454962707974757,0.4729440319817247,0.08892255556922442,11500X03.png,4.1016084502864025,4.150692682432727
9,1378.0,150.95331880577405,41.88703967392604,0.46128833695494037,0.9374149659863945,0.46215316315205324,0.10132211493288441,11500X03.png,4.1016084502864025,4.150692682432727
10,1006.0,120.66904755831214,35.78936967876878,0.5419651544340475,0.9508506616257089,0.5144505515924063,0.06943905434367523,11500X03.png,4.1016084502864025,4.150692682432727
1,4039.0,250.89444430272832,71.71202494132572,0.2680378830127801,0.9566556134533396,0.3452931952677085,0.17981180230267765,11500X04.png,5.162777542159719,5.2326519750099685
2,3181.0,232.8528137423857,63.64098515738543,0.5113664477726584,0.9453194650817236,0.3764385351751515,0.15459514818089368,11500X04.png,5.162777542159719,5.2326519750099685
3,2491.0,198.16652224137044,56.31731266613571,0.30472066231512,0.9428463285389856,0.4507804567029542,0.11763489742508189,11500X04.png,5.162777542159719,5.2326519750099685
4,2468.0,195.6812408671319,56.05671410639748,0.39463825056328733,0.9580745341614907,0.45905234054724,0.11670018631612147,11500X04.png,5.162777542159719,5.2326519750099685
5,1906.0,171.88225099390854,49.262506759859676,0.5899241505094729,0.9611699445284921,0.45883381684258173,0.10804153908532857,11500X04.png,5.162777542159719,5.2326519750099685
6,1811.0,168.2670273047588,48.01912968302716,0.3001980275086372,0.9546652609383237,0.506072909561395,0.08830124122940147,11500X04.png,5.162777542159719,5.2326519750099685
7,1323.0,143.84062043356596,41.04261099984527,0.7122369543467096,0.962882096069869,0.478787070383709,0.09905235058697649,11500X04.png,5.162777542159719,5.2326519750099685
8,874.0,118.56854249492379,33.35882734897215,0.5360032187640769,0.9161425576519916,0.5379055054516085,0.06652570010448552,11500X04.png,5.162777542159719,5.2326519750099685
1,4039.0,250.89444430272832,71.71202494132572,0.2680378830127801,0.9566556134533396,0.3452931952677085,0.17981180230267765,11500X05.png,5.162777542159719,5.2326519750099685
2,3181.0,232.8528137423857,63.64098515738543,0.5113664477726584,0.9453194650817236,0.3764385351751515,0.15459514818089368,11500X05.png,5.162777542159719,5.2326519750099685
3,2491.0,198.16652224137044,56.31731266613571,0.30472066231512,0.9428463285389856,0.4507804567029542,0.11763489742508189,11500X05.png,5.162777542159719,5.2326519750099685
4,2468.0,195.6812408671319,56.05671410639748,0.39463825056328733,0.9580745341614907,0.45905234054724,0.11670018631612147,11500X05.png,5.162777542159719,5.2326519750099685
5,1906.0,171.88225099390854,49.262506759859676,0.5899241505094729,0.9611699445284921,0.45883381684258173,0.10804153908532857,11500X05.png,5.162777542159719,5.2326519750099685
6,1811.0,168.2670273047588,48.01912968302716,0.3001980275086372,0.9546652609383237,0.506072909561395,0.08830124122940147,11500X05.png,5.162777542159719,5.2326519750099685
7,1323.0,143.84062043356596,41.04261099984527,0.7122369543467096,0.962882096069869,0.478787070383709,0.09905235058697649,11500X05.png,5.162777542159719,5.2326519750099685
8,874.0,118.56854249492379,33.35882734897215,0.5360032187640769,0.9161425576519916,0.5379055054516085,0.06652570010448552,11500X05.png,5.162777542159719,5.2326519750099685
1,4139.0,244.79393923934,72.59434189837965,0.3888731868708742,0.9704572098475968,0.3209906721809284,0.17687453772616848,11500X06.png,5.212265682365344,5.310319137726768
2,2873.0,209.58073580374355,60.481544391856616,0.2550032470052918,0.9475593667546174,0.39208042423373807,0.1298543740980114,11500X06.png,5.212265682365344,5.310319137726768
3,2913.0,212.16652224137044,60.90112309156153,0.26358733374680565,0.953518821603928,0.37341599186876945,0.15005831762165128,11500X06.png,5.212265682365344,5.310319137726768
4,1385.0,146.3259018078045,41.99329433919421,0.6945972575926034,0.9794908062234795,0.453103985276421,0.09907464058703923,11500X06.png,5.212265682365344,5.310319137726768
5,1495.0,154.12489168102783,43.62903986313552,0.41648076045763954,0.9438131313131313,0.4816761754869171,0.09195145682607511,11500X06.png,5.212265682365344,5.310319137726768
6,1520.0,149.88225099390854,43.992318738587166,0.5261682901769006,0.951188986232791,0.4497316821465428,0.11684712064268486,11500X06.png,5.212265682365344,5.310319137726768
7,1110.0,133.88225099390857,37.59382787980004,0.42494799501121566,0.9234608985024958,0.5086415827592299,0.07891368093076566,11500X06.png,5.212265682365344,5.310319137726768
8,711.0,158.42640687119285,30.087760240780646,0.9606986816087967,0.8965952080706179,0.42797495932268825,0.12787950324261693,11500X06.png,5.212265682365344,5.310319137726768
9,4.0,2.0,2.256758334191025,1.0,1.0,0.5411764705882353,0.03137254901960784,11500X06.png,5.212265682365344,5.310319137726768
10,307.0,86.62741699796952,19.77080019204319,0.9514829720595018,0.9303030303030303,0.5368205914287539,0.07246870176342733,11500X06.png,5.212265682365344,5.310319137726768
1,4139.0,244.79393923934,72.59434189837965,0.3888731868708742,0.9704572098475968,0.3209906721809284,0.17687453772616848,11500X07.png,5.212265682365344,5.310319137726768
2,2873.0,209.58073580374355,60.481544391856616,0.2550032470052918,0.9475593667546174,0.39208042423373807,0.1298543740980114,11500X07.png,5.212265682365344,5.310319137726768
3,2913.0,212.16652224137044,60.90112309156153,0.26358733374680565,0.953518821603928,0.37341599186876945,0.15005831762165128,11500X07.png,5.212265682365344,5.310319137726768
4,1385.0,146.3259018078045,41.99329433919421,0.6945972575926034,0.9794908062234795,0.453103985276421,0.09907464058703923,11500X07.png,5.212265682365344,5.310319137726768
5,1495.0,154.12489168102783,43.62903986313552,0.41648076045763954,0.9438131313131313,0.4816761754869171,0.09195145682607511,11500X07.png,5.212265682365344,5.310319137726768
6,1520.0,149.88225099390854,43.992318738587166,0.5261682901769006,0.951188986232791,0.4497316821465428,0.11684712064268486,11500X07.png,5.212265682365344,5.310319137726768
7,1110.0,133.88225099390857,37.59382787980004,0.42494799501121566,0.9234608985024958,0.5086415827592299,0.07891368093076566,11500X07.png,5.212265682365344,5.310319137726768
8,711.0,158.42640687119285,30.087760240780646,0.9606986816087967,0.8965952080706179,0.42797495932268825,0.12787950324261693,11500X07.png,5.212265682365344,5.310319137726768
9,4.0,2.0,2.256758334191025,1.0,1.0,0.5411764705882353,0.03137254901960784,11500X07.png,5.212265682365344,5.310319137726768
10,307.0,86.62741699796952,19.77080019204319,0.9514829720595018,0.9303030303030303,0.5368205914287539,0.07246870176342733,11500X07.png,5.212265682365344,5.310319137726768
1,5300.0,280.5096679918781,82.14724333230156,0.5733013163160324,0.9773188272174074,0.2978623751387347,0.17504255701602675,11500X08.png,4.6537523111482235,4.709817477604665
2,3372.0,227.7228714274745,65.5237647334688,0.4076693788398165,0.9623287671232876,0.3262833484520736,0.18411202445219296,11500X08.png,4.6537523111482235,4.709817477604665
3,2225.0,180.61017305526642,53.225538860924054,0.45599892108140666,0.9741681260945709,0.44850231328486456,0.10127911280905971,11500X08.png,4.6537523111482235,4.709817477604665
4,2150.0,179.4386001800126,52.320789569544914,0.2779915088373444,0.9619686800894854,0.4758103055175559,0.09142314666399422,11500X08.png,4.6537523111482235,4.709817477604665
5,2156.0,180.02438661763952,52.39374445913377,0.3112678229671815,0.9544046038069942,0.4824220597329841,0.09766772099087478,11500X08.png,4.6537523111482235,4.709817477604665
6,2025.0,172.95331880577405,50.77706251929806,0.4009518969079386,0.9597156398104265,0.4728733962720891,0.10014245130981833,11500X08.png,4.6537523111482235,4.709817477604665
7,1425.0,164.36143571373725,42.59537945889914,0.8142708333421641,0.9418374091209517,0.4497557619539044,0.10328321494934518,11500X08.png,4.6537523111482235,4.709817477604665
8,1125.0,127.9827560572969,37.8469878303024,0.43599535897013325,0.9607173356105893,0.5144993464052288,0.07526471757162677,11500X08.png,4.6537523111482235,4.709817477604665
9,683.0,107.49137802864846,29.489364337912,0.7429850635286702,0.9486111111111111,0.5482674475353831,0.054647480828280595,11500X08.png,4.6537523111482235,4.709817477604665
10,556.0,94.08326112068524,26.60678836073137,0.33201609259812087,0.9220563847429519,0.5926012131471293,0.03505895761485613,11500X08.png,4.6537523111482235,4.709817477604665
11,371.0,76.18376618407356,21.73411767467788,0.5095024150841936,0.9228855721393034,0.6050842978700914,0.03397909904031349,11500X08.png,4.6537523111482235,4.709817477604665
1,5300.0,280.5096679918781,82.14724333230156,0.5733013163160324,0.9773188272174074,0.2978623751387347,0.17504255701602675,11500X09.png,4.6537523111482235,4.709817477604665
2,3372.0,227.7228714274745,65.5237647334688,0.4076693788398165,0.9623287671232876,0.3262833484520736,0.18411202445219296,11500X09.png,4.6537523111482235,4.709817477604665
3,2225.0,180.61017305526642,53.225538860924054,0.45599892108140666,0.9741681260945709,0.44850231328486456,0.10127911280905971,11500X09.png,4.6537523111482235,4.709817477604665
4,2150.0,179.4386001800126,52.320789569544914,0.2779915088373444,0.9619686800894854,0.4758103055175559,0.09142314666399422,11500X09.png,4.6537523111482235,4.709817477604665
5,2156.0,180.02438661763952,52.39374445913377,0.3112678229671815,0.9544046038069942,0.4824220597329841,0.09766772099087478,11500X09.png,4.6537523111482235,4.709817477604665
6,2025.0,172.95331880577405,50.77706251929806,0.4009518969079386,0.9597156398104265,0.4728733962720891,0.10014245130981833,11500X09.png,4.6537523111482235,4.709817477604665
7,1425.0,164.36143571373725,42.59537945889914,0.8142708333421641,0.9418374091209517,0.4497557619539044,0.10328321494934518,11500X09.png,4.6537523111482235,4.709817477604665
8,1125.0,127.9827560572969,37.8469878303024,0.43599535897013325,0.9607173356105893,0.5144993464052288,0.07526471757162677,11500X09.png,4.6537523111482235,4.709817477604665
9,683.0,107.49137802864846,29.489364337912,0.7429850635286702,0.9486111111111111,0.5482674475353831,0.054647480828280595,11500X09.png,4.6537523111482235,4.709817477604665
10,556.0,94.08326112068524,26.60678836073137,0.33201609259812087,0.9220563847429519,0.5926012131471293,0.03505895761485613,11500X09.png,4.6537523111482235,4.709817477604665
11,371.0,76.18376618407356,21.73411767467788,0.5095024150841936,0.9228855721393034,0.6050842978700914,0.03397909904031349,11500X09.png,4.6537523111482235,4.709817477604665
1,4911.0,291.4213562373095,79.07515035834193,0.5488608605379709,0.9067577548005908,0.34060392635979253,0.16718254909260513,11500X10.png,4.875722531505986,4.924382083279117
2,4101.0,285.4213562373095,72.26033056220338,0.608212909547241,0.8772192513368984,0.3893062906703769,0.1630879589405728,11500X10.png,4.875722531505986,4.924382083279117
3,3941.0,243.7228714274745,70.83669279265709,0.31728092210593845,0.9607508532423208,0.4079038364901911,0.1273411203321275,11500X10.png,4.875722531505986,4.924382083279117
4,2748.0,202.85281374238568,59.15118146691769,0.3106758847505839,0.9642105263157895,0.4330150983246282,0.11762543454085866,11500X10.png,4.875722531505986,4.924382083279117
5,1787.0,170.26702730475878,47.69988539233334,0.36215020791020675,0.9351125065410779,0.5146669300064738,0.07300259015279949,11500X10.png,4.875722531505986,4.924382083279117
6,1028.0,128.42640687119285,36.17858830838687,0.7507059771459811,0.9688972667295005,0.5040703440909439,0.06624159546284147,11500X10.png,4.875722531505986,4.924382083279117
7,740.0,111.39696961966999,30.695231927842155,0.3588282635015305,0.9035409035409036,0.579311075781664,0.04135795726731112,11500X10.png,4.875722531505986,4.924382083279117
8,890.0,129.25483399593904,33.66278649806482,0.8789016511692652,0.956989247311828,0.5140163031504738,0.07383246419454192,11500X10.png,4.875722531505986,4.924382083279117
9,742.0,123.35533905932738,30.736683981742253,0.8912903493932441,0.9623865110246433,0.5153110300724063,0.06884985235027767,11500X10.png,4.875722531505986,4.924382083279117
1,3408.0,235.92388155425115,65.872607117507,0.7803605822490802,0.9659863945578231,0.4028986007548559,0.10635786679866716,11500X100.png,5.567783343233464,5.64907598382064
2,2597.0,213.92388155425118,57.50307033261109,0.5416900250428095,0.8939759036144578,0.3102599530378189,0.1749137150026304,11500X100.png,5.567783343233464,5.64907598382064
3,1951.0,182.08326112068525,49.84064959225855,0.8004176744599082,0.9769654481722584,0.36401443201575867,0.12779307974050994,11500X100.png,5.567783343233464,5.64907598382064
4,1441.0,150.22539674441617,42.83384390833222,0.7701132044095288,0.9723346828609987,0.3222544257119919,0.18626063521035208,11500X100.png,5.567783343233464,5.64907598382064
5,1843.0,162.46803743153546,48.44151608844324,0.3611804928826938,0.9679621848739496,0.4227846754545551,0.10615713634992877,11500X100.png,5.567783343233464,5.64907598382064
6,1693.0,156.71067811865473,46.42838085951986,0.21273780880409923,0.964123006833713,0.47274011790185655,0.07031238799738683,11500X100.png,5.567783343233464,5.64907598382064
7,1712.0,158.36753236814712,46.68817945247596,0.3733161145093977,0.9591036414565827,0.47024463991203963,0.07996096755745652,11500X100.png,5.567783343233464,5.64907598382064
8,1505.0,229.29036790187178,43.77471318953923,0.9544015570978426,0.9017375674056322,0.4682352941176471,0.06603433153251842,11500X100.png,5.567783343233464,5.64907598382064
9,681.0,98.42640687119285,29.44615645486938,0.5316235855618504,0.9524475524475524,0.5500734214390602,0.04104671914656213,11500X100.png,5.567783343233464,5.64907598382064
10,509.0,89.69848480983498,25.45739437315213,0.779169890914505,0.9695238095238096,0.5306521822874534,0.04664742896347449,11500X100.png,5.567783343233464,5.64907598382064
11,10.0,8.0,3.5682482323055424,1.0,1.0,0.5105882352941177,0.06390592855697314,11500X100.png,5.567783343233464,5.64907598382064
12,9.0,7.0,3.385137501286538,1.0,1.0,0.5224400871459696,0.047520530162991355,11500X100.png,5.567783343233464,5.64907598382064
1,3408.0,235.92388155425115,65.872607117507,0.7803605822490802,0.9659863945578231,0.4028986007548559,0.10635786679866716,11500X101.png,5.567783343233464,5.64907598382064
2,2597.0,213.92388155425118,57.50307033261109,0.5416900250428095,0.8939759036144578,0.3102599530378189,0.1749137150026304,11500X101.png,5.567783343233464,5.64907598382064
3,1951.0,182.08326112068525,49.84064959225855,0.8004176744599082,0.9769654481722584,0.36401443201575867,0.12779307974050994,11500X101.png,5.567783343233464,5.64907598382064
4,1441.0,150.22539674441617,42.83384390833222,0.7701132044095288,0.9723346828609987,0.3222544257119919,0.18626063521035208,11500X101.png,5.567783343233464,5.64907598382064
5,1843.0,162.46803743153546,48.44151608844324,0.3611804928826938,0.9679621848739496,0.4227846754545551,0.10615713634992877,11500X101.png,5.567783343233464,5.64907598382064
6,1693.0,156.71067811865473,46.42838085951986,0.21273780880409923,0.964123006833713,0.47274011790185655,0.07031238799738683,11500X101.png,5.567783343233464,5.64907598382064
7,1712.0,158.36753236814712,46.68817945247596,0.3733161145093977,0.9591036414565827,0.47024463991203963,0.07996096755745652,11500X101.png,5.567783343233464,5.64907598382064
8,1505.0,229.29036790187178,43.77471318953923,0.9544015570978426,0.9017375674056322,0.4682352941176471,0.06603433153251842,11500X101.png,5.567783343233464,5.64907598382064
9,681.0,98.42640687119285,29.44615645486938,0.5316235855618504,0.9524475524475524,0.5500734214390602,0.04104671914656213,11500X101.png,5.567783343233464,5.64907598382064
10,509.0,89.69848480983498,25.45739437315213,0.779169890914505,0.9695238095238096,0.5306521822874534,0.04664742896347449,11500X101.png,5.567783343233464,5.64907598382064
11,10.0,8.0,3.5682482323055424,1.0,1.0,0.5105882352941177,0.06390592855697314,11500X101.png,5.567783343233464,5.64907598382064
12,9.0,7.0,3.385137501286538,1.0,1.0,0.5224400871459696,0.047520530162991355,11500X101.png,5.567783343233464,5.64907598382064
1,3864.0,243.82337649086284,70.14126888541915,0.6553731069472744,0.9676934635612322,0.33740206227418507,0.15636100844769685,11500X102.png,4.970535904365341,5.04543451797231
2,3148.0,221.58073580374358,63.310015691249774,0.21221650746069698,0.950196196800483,0.3484615192964098,0.13093177275183,11500X102.png,4.970535904365341,5.04543451797231
3,2644.0,197.6812408671319,58.021076827992175,0.2536864534102406,0.9625045504186385,0.3752825487229688,0.12145954779163454,11500X102.png,4.970535904365341,5.04543451797231
4,1715.0,166.08326112068525,46.72906824687182,0.7123689812343146,0.9543683917640512,0.38290287543588863,0.10836200457106708,11500X102.png,4.970535904365341,5.04543451797231
5,1988.0,168.61017305526642,50.31103472334378,0.35956808976070187,0.9716520039100685,0.39333057166528584,0.1053699458122695,11500X102.png,4.970535904365341,5.04543451797231
6,1789.0,162.12489168102786,47.72657064498984,0.3157060286515587,0.9571963616907437,0.4377842808448142,0.09232318679584066,11500X102.png,4.970535904365341,5.04543451797231
7,1849.0,167.29646455628165,48.520304185107044,0.3049665560149408,0.9530927835051546,0.4385582031622816,0.0908685305061919,11500X102.png,4.970535904365341,5.04543451797231
8,1182.0,135.94112549695427,38.79393176615336,0.6199420918971437,0.9501607717041801,0.4333366510732889,0.08283069227492004,11500X102.png,4.970535904365341,5.04543451797231
9,1234.0,137.29646455628165,39.63808267566925,0.2383986067890718,0.946319018404908,0.4683573267232339,0.07083327393075543,11500X102.png,4.970535904365341,5.04543451797231
10,1167.0,189.74011537017762,38.54699143520717,0.9263156051291876,0.8587196467991169,0.4338088277298923,0.10237009720320765,11500X102.png,4.970535904365341,5.04543451797231
1,3864.0,243.82337649086284,70.14126888541915,0.6553731069472744,0.9676934635612322,0.33740206227418507,0.15636100844769685,11500X103.png,4.970535904365341,5.04543451797231
2,3148.0,221.58073580374358,63.310015691249774,0.21221650746069698,0.950196196800483,0.3484615192964098,0.13093177275183,11500X103.png,4.970535904365341,5.04543451797231
3,2644.0,197.6812408671319,58.021076827992175,0.2536864534102406,0.9625045504186385,0.3752825487229688,0.12145954779163454,11500X103.png,4.970535904365341,5.04543451797231
4,1715.0,166.08326112068525,46.72906824687182,0.7123689812343146,0.9543683917640512,0.38290287543588863,0.10836200457106708,11500X103.png,4.970535904365341,5.04543451797231
5,1988.0,168.61017305526642,50.31103472334378,0.35956808976070187,0.9716520039100685,0.39333057166528584,0.1053699458122695,11500X103.png,4.970535904365341,5.04543451797231
6,1789.0,162.12489168102786,47.72657064498984,0.3157060286515587,0.9571963616907437,0.4377842808448142,0.09232318679584066,11500X103.png,4.970535904365341,5.04543451797231
7,1849.0,167.29646455628165,48.520304185107044,0.3049665560149408,0.9530927835051546,0.4385582031622816,0.0908685305061919,11500X103.png,4.970535904365341,5.04543451797231
8,1182.0,135.94112549695427,38.79393176615336,0.6199420918971437,0.9501607717041801,0.4333366510732889,0.08283069227492004,11500X103.png,4.970535904365341,5.04543451797231
9,1234.0,137.29646455628165,39.63808267566925,0.2383986067890718,0.946319018404908,0.4683573267232339,0.07083327393075543,11500X103.png,4.970535904365341,5.04543451797231
10,1167.0,189.74011537017762,38.54699143520717,0.9263156051291876,0.8587196467991169,0.4338088277298923,0.10237009720320765,11500X103.png,4.970535904365341,5.04543451797231
1,1926.0,169.9827560572969,49.52029243815028,0.43764050412763916,0.9654135338345865,0.30179585853032803,0.13483370486587984,11500X104.png,5.304056131744044,5.4422113647089985
2,1904.0,165.29646455628165,49.2366539599895,0.18898956186654248,0.9669883189436262,0.32884536167408135,0.14090127608854267,11500X104.png,5.304056131744044,5.4422113647089985
3,1868.0,168.2609306503489,48.76896010338219,0.26566724643161965,0.9574577139928242,0.33333123399252634,0.13392689738808,11500X104.png,5.304056131744044,5.4422113647089985
4,1901.0,171.4386001800126,49.197849287764036,0.3809527094123288,0.9514514514514515,0.3578880052810183,0.117545281747182,11500X104.png,5.304056131744044,5.4422113647089985
5,2279.0,190.26702730475878,53.86754980924449,0.6985183595073992,0.9567590260285475,0.3561520790852541,0.11328374151223297,11500X104.png,5.304056131744044,5.4422113647089985
6,1681.0,159.53910524340094,46.26354585091602,0.2628998402540156,0.946509009009009,0.3622190339550455,0.10720465771144581,11500X104.png,5.304056131744044,5.4422113647089985
7,977.0,144.18376618407356,35.269746741453275,0.8939816846839238,0.941233140655106,0.32258012724025126,0.1537163624779785,11500X104.png,5.304056131744044,5.4422113647089985
8,891.0,134.56244584051393,33.681692866586,0.8957272562530586,0.9418604651162791,0.3115292357122422,0.1451625301256449,11500X104.png,5.304056131744044,5.4422113647089985
1,1926.0,169.9827560572969,49.52029243815028,0.43764050412763916,0.9654135338345865,0.30179585853032803,0.13483370486587984,11500X105.png,5.304056131744044,5.4422113647089985
2,1904.0,165.29646455628165,49.2366539599895,0.18898956186654248,0.9669883189436262,0.32884536167408135,0.14090127608854267,11500X105.png,5.304056131744044,5.4422113647089985
3,1868.0,168.2609306503489,48.76896010338219,0.26566724643161965,0.9574577139928242,0.33333123399252634,0.13392689738808,11500X105.png,5.304056131744044,5.4422113647089985
4,1901.0,171.4386001800126,49.197849287764036,0.3809527094123288,0.9514514514514515,0.3578880052810183,0.117545281747182,11500X105.png,5.304056131744044,5.4422113647089985
5,2279.0,190.26702730475878,53.86754980924449,0.6985183595073992,0.9567590260285475,0.3561520790852541,0.11328374151223297,11500X105.png,5.304056131744044,5.4422113647089985
6,1681.0,159.53910524340094,46.26354585091602,0.2628998402540156,0.946509009009009,0.3622190339550455,0.10720465771144581,11500X105.png,5.304056131744044,5.4422113647089985
7,977.0,144.18376618407356,35.269746741453275,0.8939816846839238,0.941233140655106,0.32258012724025126,0.1537163624779785,11500X105.png,5.304056131744044,5.4422113647089985
8,891.0,134.56244584051393,33.681692866586,0.8957272562530586,0.9418604651162791,0.3115292357122422,0.1451625301256449,11500X105.png,5.304056131744044,5.4422113647089985
1,3853.0,237.82337649086284,70.04135896643199,0.19805250456727821,0.9700402819738168,0.29178791163493695,0.15802505145921625,11500X106.png,4.311088563829532,4.376870068638712
2,3390.0,226.89444430272832,65.69841745926763,0.491288036979569,0.9573566789042643,0.2972398634970212,0.16491903928043405,11500X106.png,4.311088563829532,4.376870068638712
3,2992.0,210.75230867899734,61.72141215046531,0.1529765381014134,0.9689119170984456,0.33479474677571563,0.13741859282242558,11500X106.png,4.311088563829532,4.376870068638712
4,1682.0,166.08326112068525,46.27730452656619,0.7583255530349443,0.9627933600457927,0.3402974983096687,0.12368859078126233,11500X106.png,4.311088563829532,4.376870068638712
5,2050.0,174.12489168102786,51.08953969950291,0.3802697007332683,0.9633458646616542,0.3910014347202295,0.10465691993365742,11500X106.png,4.311088563829532,4.376870068638712
6,1828.0,162.95331880577402,48.243982917830046,0.37014090730548826,0.9692470837751855,0.4157227442399279,0.10338059647450522,11500X106.png,4.311088563829532,4.376870068638712
7,1642.0,152.46803743153546,45.723728330650566,0.272267748079026,0.9704491725768322,0.39506102075422134,0.10622427597002597,11500X106.png,4.311088563829532,4.376870068638712
8,1621.0,158.22539674441617,45.430400636750925,0.3025403677595757,0.9512910798122066,0.42944200505618657,0.09118569654254342,11500X106.png,4.311088563829532,4.376870068638712
9,1158.0,130.46803743153546,38.39806496170502,0.24481762166280446,0.9554455445544554,0.4540892004470181,0.0756765213773911,11500X106.png,4.311088563829532,4.376870068638712
10,1188.0,137.0538238691624,38.89226888657144,0.48569959483521574,0.9317647058823529,0.4456922162804516,0.0733998530490893,11500X106.png,4.311088563829532,4.376870068638712
11,1010.0,120.42640687119284,35.86045091995518,0.24198907149538376,0.957345971563981,0.47240147544166183,0.05888188011203795,11500X106.png,4.311088563829532,4.376870068638712
12,603.0,109.00609665440987,27.70854462932514,0.9131286129058426,0.9741518578352181,0.35558807270835363,0.11942299667799965,11500X106.png,4.311088563829532,4.376870068638712
13,488.0,102.69848480983498,24.926710529686012,0.920658169872441,0.9475728155339805,0.44255062680810026,0.09120749981264288,11500X106.png,4.311088563829532,4.376870068638712
14,357.0,83.83452377915606,21.320096563347295,0.9064749548863282,0.9444444444444444,0.47089580930411384,0.051247049221326134,11500X106.png,4.311088563829532,4.376870068638712
1,3853.0,237.82337649086284,70.04135896643199,0.19805250456727821,0.9700402819738168,0.29178791163493695,0.15802505145921625,11500X107.png,4.311088563829532,4.376870068638712
2,3390.0,226.89444430272832,65.69841745926763,0.491288036979569,0.9573566789042643,0.2972398634970212,0.16491903928043405,11500X107.png,4.311088563829532,4.376870068638712
3,2992.0,210.75230867899734,61.72141215046531,0.1529765381014134,0.9689119170984456,0.33479474677571563,0.13741859282242558,11500X107.png,4.311088563829532,4.376870068638712
4,1682.0,166.08326112068525,46.27730452656619,0.7583255530349443,0.9627933600457927,0.3402974983096687,0.12368859078126233,11500X107.png,4.311088563829532,4.376870068638712
5,2050.0,174.12489168102786,51.08953969950291,0.3802697007332683,0.9633458646616542,0.3910014347202295,0.10465691993365742,11500X107.png,4.311088563829532,4.376870068638712
6,1828.0,162.95331880577402,48.243982917830046,0.37014090730548826,0.9692470837751855,0.4157227442399279,0.10338059647450522,11500X107.png,4.311088563829532,4.376870068638712
7,1642.0,152.46803743153546,45.723728330650566,0.272267748079026,0.9704491725768322,0.39506102075422134,0.10622427597002597,11500X107.png,4.311088563829532,4.376870068638712
8,1621.0,158.22539674441617,45.430400636750925,0.3025403677595757,0.9512910798122066,0.42944200505618657,0.09118569654254342,11500X107.png,4.311088563829532,4.376870068638712
9,1158.0,130.46803743153546,38.39806496170502,0.24481762166280446,0.9554455445544554,0.4540892004470181,0.0756765213773911,11500X107.png,4.311088563829532,4.376870068638712
10,1188.0,137.0538238691624,38.89226888657144,0.48569959483521574,0.9317647058823529,0.4456922162804516,0.0733998530490893,11500X107.png,4.311088563829532,4.376870068638712
11,1010.0,120.42640687119284,35.86045091995518,0.24198907149538376,0.957345971563981,0.47240147544166183,0.05888188011203795,11500X107.png,4.311088563829532,4.376870068638712
12,603.0,109.00609665440987,27.70854462932514,0.9131286129058426,0.9741518578352181,0.35558807270835363,0.11942299667799965,11500X107.png,4.311088563829532,4.376870068638712
13,488.0,102.69848480983498,24.926710529686012,0.920658169872441,0.9475728155339805,0.44255062680810026,0.09120749981264288,11500X107.png,4.311088563829532,4.376870068638712
14,357.0,83.83452377915606,21.320096563347295,0.9064749548863282,0.9444444444444444,0.47089580930411384,0.051247049221326134,11500X107.png,4.311088563829532,4.376870068638712
1,3671.0,252.26702730475878,68.36711467308521,0.7725344778738303,0.9696249339672478,0.23208187115761586,0.16389945905712253,11500X108.png,5.252980389783631,5.323658948005634
2,2945.0,208.40916292848974,61.23471612774125,0.26746663476479043,0.9621038876184254,0.3736103066014182,0.1058471905675805,11500X108.png,5.252980389783631,5.323658948005634
3,2767.0,208.651803615609,59.355318382451586,0.6439458194874931,0.9571082670356278,0.398044176109186,0.09820384133277137,11500X108.png,5.252980389783631,5.323658948005634
4,3270.0,239.37972567696687,64.52513704971096,0.7818048336290289,0.9475514343668502,0.38815134616537744,0.10589577713397488,11500X108.png,5.252980389783631,5.323658948005634
5,1363.0,145.25483399593904,41.658438514591815,0.6885310097255921,0.9680397727272727,0.4119718613784472,0.08563248892192955,11500X108.png,5.252980389783631,5.323658948005634
6,1532.0,150.12489168102783,44.16563123667847,0.34111926088442146,0.9629164047768699,0.44589156811549685,0.07019237106630184,11500X108.png,5.252980389783631,5.323658948005634
7,870.0,129.59797974644667,33.282403818227905,0.8855564893492883,0.9497816593886463,0.4303763804372323,0.08170526308108686,11500X108.png,5.252980389783631,5.323658948005634
1,3671.0,252.26702730475878,68.36711467308521,0.7725344778738303,0.9696249339672478,0.23208187115761586,0.16389945905712253,11500X109.png,5.252980389783631,5.323658948005634
2,2945.0,208.40916292848974,61.23471612774125,0.26746663476479043,0.9621038876184254,0.3736103066014182,0.1058471905675805,11500X109.png,5.252980389783631,5.323658948005634
3,2767.0,208.651803615609,59.355318382451586,0.6439458194874931,0.9571082670356278,0.398044176109186,0.09820384133277137,11500X109.png,5.252980389783631,5.323658948005634
4,3270.0,239.37972567696687,64.52513704971096,0.7818048336290289,0.9475514343668502,0.38815134616537744,0.10589577713397488,11500X109.png,5.252980389783631,5.323658948005634
5,1363.0,145.25483399593904,41.658438514591815,0.6885310097255921,0.9680397727272727,0.4119718613784472,0.08563248892192955,11500X109.png,5.252980389783631,5.323658948005634
6,1532.0,150.12489168102783,44.16563123667847,0.34111926088442146,0.9629164047768699,0.44589156811549685,0.07019237106630184,11500X109.png,5.252980389783631,5.323658948005634
7,870.0,129.59797974644667,33.282403818227905,0.8855564893492883,0.9497816593886463,0.4303763804372323,0.08170526308108686,11500X109.png,5.252980389783631,5.323658948005634
1,4911.0,291.4213562373095,79.07515035834193,0.5488608605379709,0.9067577548005908,0.34060392635979253,0.16718254909260513,11500X11.png,4.875722531505986,4.924382083279117
2,4101.0,285.4213562373095,72.26033056220338,0.608212909547241,0.8772192513368984,0.3893062906703769,0.1630879589405728,11500X11.png,4.875722531505986,4.924382083279117
3,3941.0,243.7228714274745,70.83669279265709,0.31728092210593845,0.9607508532423208,0.4079038364901911,0.1273411203321275,11500X11.png,4.875722531505986,4.924382083279117
4,2748.0,202.85281374238568,59.15118146691769,0.3106758847505839,0.9642105263157895,0.4330150983246282,0.11762543454085866,11500X11.png,4.875722531505986,4.924382083279117
5,1787.0,170.26702730475878,47.69988539233334,0.36215020791020675,0.9351125065410779,0.5146669300064738,0.07300259015279949,11500X11.png,4.875722531505986,4.924382083279117
6,1028.0,128.42640687119285,36.17858830838687,0.7507059771459811,0.9688972667295005,0.5040703440909439,0.06624159546284147,11500X11.png,4.875722531505986,4.924382083279117
7,740.0,111.39696961966999,30.695231927842155,0.3588282635015305,0.9035409035409036,0.579311075781664,0.04135795726731112,11500X11.png,4.875722531505986,4.924382083279117
8,890.0,129.25483399593904,33.66278649806482,0.8789016511692652,0.956989247311828,0.5140163031504738,0.07383246419454192,11500X11.png,4.875722531505986,4.924382083279117
9,742.0,123.35533905932738,30.736683981742253,0.8912903493932441,0.9623865110246433,0.5153110300724063,0.06884985235027767,11500X11.png,4.875722531505986,4.924382083279117
1,7389.0,358.3919189857866,96.99467509120342,0.7882042523098272,0.9463370901639344,0.2850867346532604,0.1706637830079082,11500X110.png,4.907671965994561,4.962945131449002
2,3402.0,226.0660171779821,65.81459512288306,0.32008010779701696,0.9618320610687023,0.3756175721317334,0.12782643785176223,11500X110.png,4.907671965994561,4.962945131449002
3,1694.0,156.36753236814715,46.44209070209227,0.3490047806481425,0.9608621667612025,0.4681251012801815,0.07528986993767026,11500X110.png,4.907671965994561,4.962945131449002
4,1730.0,160.71067811865476,46.932977876881324,0.3423713314294656,0.9521188772702256,0.47652499149948996,0.07705260785876238,11500X110.png,4.907671965994561,4.962945131449002
5,1590.0,158.36753236814712,44.99389820996741,0.2909454540270285,0.9453032104637337,0.48425453200147983,0.06765998026694361,11500X110.png,4.907671965994561,4.962945131449002
6,1287.0,144.18376618407356,40.48035689163516,0.7933556975933078,0.9846977811782709,0.45160808690220455,0.0906635862347843,11500X110.png,4.907671965994561,4.962945131449002
7,1352.0,141.63961030678928,41.489997161749,0.3470922848495656,0.9575070821529745,0.5064972734655993,0.05996615782632294,11500X110.png,4.907671965994561,4.962945131449002
8,832.0,112.8111831820431,32.54743156102575,0.31634118388757354,0.9411764705882353,0.5413037330316741,0.032661731910135064,11500X110.png,4.907671965994561,4.962945131449002
9,612.0,123.97665940288701,27.914558950087667,0.9434352378684436,0.95625,0.47419582211969763,0.08442661731528883,11500X110.png,4.907671965994561,4.962945131449002
1,7389.0,358.3919189857866,96.99467509120342,0.7882042523098272,0.9463370901639344,0.2850867346532604,0.1706637830079082,11500X111.png,4.907671965994561,4.962945131449002
2,3402.0,226.0660171779821,65.81459512288306,0.32008010779701696,0.9618320610687023,0.3756175721317334,0.12782643785176223,11500X111.png,4.907671965994561,4.962945131449002
3,1694.0,156.36753236814715,46.44209070209227,0.3490047806481425,0.9608621667612025,0.4681251012801815,0.07528986993767026,11500X111.png,4.907671965994561,4.962945131449002
4,1730.0,160.71067811865476,46.932977876881324,0.3423713314294656,0.9521188772702256,0.47652499149948996,0.07705260785876238,11500X111.png,4.907671965994561,4.962945131449002
5,1590.0,158.36753236814712,44.99389820996741,0.2909454540270285,0.9453032104637337,0.48425453200147983,0.06765998026694361,11500X111.png,4.907671965994561,4.962945131449002
6,1287.0,144.18376618407356,40.48035689163516,0.7933556975933078,0.9846977811782709,0.45160808690220455,0.0906635862347843,11500X111.png,4.907671965994561,4.962945131449002
7,1352.0,141.63961030678928,41.489997161749,0.3470922848495656,0.9575070821529745,0.5064972734655993,0.05996615782632294,11500X111.png,4.907671965994561,4.962945131449002
8,832.0,112.8111831820431,32.54743156102575,0.31634118388757354,0.9411764705882353,0.5413037330316741,0.032661731910135064,11500X111.png,4.907671965994561,4.962945131449002
9,612.0,123.97665940288701,27.914558950087667,0.9434352378684436,0.95625,0.47419582211969763,0.08442661731528883,11500X111.png,4.907671965994561,4.962945131449002
1,5999.0,300.1076477383247,87.39659048765141,0.27625287683963046,0.9711834223733203,0.27492425208122917,0.16016538837186528,11500X112.png,4.169761559338439,4.212070999598231
2,4016.0,254.20815280171308,71.50755213022198,0.725335401317613,0.9628386478062815,0.35498203265369893,0.14238789785749234,11500X112.png,4.169761559338439,4.212070999598231
3,3452.0,232.88834764831844,66.29647734552555,0.5255386381566438,0.955703211517165,0.38377752027809964,0.10274992349402082,11500X112.png,4.169761559338439,4.212070999598231
4,3107.0,213.58073580374355,62.8963851544121,0.49395057302943485,0.9703310430980637,0.3659402866392775,0.12118205591639668,11500X112.png,4.169761559338439,4.212070999598231
5,2258.0,188.8467170879758,53.618792340111476,0.4470012371733661,0.9471476510067114,0.36082252210007115,0.12700466484654574,11500X112.png,4.169761559338439,4.212070999598231
6,1492.0,152.08326112068525,43.585242924008845,0.6286730103413771,0.9675745784695201,0.4456473742311939,0.07563536747903986,11500X112.png,4.169761559338439,4.212070999598231
7,1891.0,173.18986283848344,49.06827874599019,0.410832878648841,0.9403281949278965,0.41156769423792783,0.09254914559120812,11500X112.png,4.169761559338439,4.212070999598231
8,1327.0,139.9827560572969,41.104608936998304,0.4614583504492948,0.9643895348837209,0.484723022592609,0.05849837431327907,11500X112.png,4.169761559338439,4.212070999598231
9,822.0,125.01219330881975,32.35124272377035,0.6680694360702677,0.9092920353982301,0.4362721244215448,0.0953864544218412,11500X112.png,4.169761559338439,4.212070999598231
10,1315.0,141.88225099390854,40.91833331560242,0.3798714267497319,0.9467242620590353,0.4570222918064564,0.06290709845893264,11500X112.png,4.169761559338439,4.212070999598231
1,5999.0,300.1076477383247,87.39659048765141,0.27625287683963046,0.9711834223733203,0.27492425208122917,0.16016538837186528,11500X113.png,4.169761559338439,4.212070999598231
2,4016.0,254.20815280171308,71.50755213022198,0.725335401317613,0.9628386478062815,0.35498203265369893,0.14238789785749234,11500X113.png,4.169761559338439,4.212070999598231
3,3452.0,232.88834764831844,66.29647734552555,0.5255386381566438,0.955703211517165,0.38377752027809964,0.10274992349402082,11500X113.png,4.169761559338439,4.212070999598231
4,3107.0,213.58073580374355,62.8963851544121,0.49395057302943485,0.9703310430980637,0.3659402866392775,0.12118205591639668,11500X113.png,4.169761559338439,4.212070999598231
5,2258.0,188.8467170879758,53.618792340111476,0.4470012371733661,0.9471476510067114,0.36082252210007115,0.12700466484654574,11500X113.png,4.169761559338439,4.212070999598231
6,1492.0,152.08326112068525,43.585242924008845,0.6286730103413771,0.9675745784695201,0.4456473742311939,0.07563536747903986,11500X113.png,4.169761559338439,4.212070999598231
7,1891.0,173.18986283848344,49.06827874599019,0.410832878648841,0.9403281949278965,0.41156769423792783,0.09254914559120812,11500X113.png,4.169761559338439,4.212070999598231
8,1327.0,139.9827560572969,41.104608936998304,0.4614583504492948,0.9643895348837209,0.484723022592609,0.05849837431327907,11500X113.png,4.169761559338439,4.212070999598231
9,822.0,125.01219330881975,32.35124272377035,0.6680694360702677,0.9092920353982301,0.4362721244215448,0.0953864544218412,11500X113.png,4.169761559338439,4.212070999598231
10,1315.0,141.88225099390854,40.91833331560242,0.3798714267497319,0.9467242620590353,0.4570222918064564,0.06290709845893264,11500X113.png,4.169761559338439,4.212070999598231
1,5044.0,288.14927829866735,80.13875631455832,0.4487932617430058,0.9515185813997359,0.2873862947240752,0.16433615511704164,11500X114.png,4.5165293553602535,4.570171303231499
2,2640.0,209.39696961967002,57.97717135304921,0.8083768188904528,0.9785025945144552,0.29827688651218065,0.1345160119548761,11500X114.png,4.5165293553602535,4.570171303231499
3,4993.0,298.2497833620557,79.73258459916289,0.6768643044907399,0.9486984609538286,0.33155751385272714,0.13588259094385896,11500X114.png,4.5165293553602535,4.570171303231499
4,2303.0,187.92388155425118,54.150444795265344,0.42117848091524257,0.9595833333333333,0.40913046069491626,0.08387006871180637,11500X114.png,4.5165293553602535,4.570171303231499
5,1111.0,140.36753236814712,37.61075822422045,0.7126397986830912,0.9010543390105434,0.43716136319514304,0.06895015665849472,11500X114.png,4.5165293553602535,4.570171303231499
6,1642.0,156.95331880577402,45.723728330650566,0.3099078417653977,0.9540964555490994,0.4380931909913782,0.08182763189238437,11500X114.png,4.5165293553602535,4.570171303231499
7,400.0,89.42640687119285,22.56758334191025,0.8455973757783333,0.9049773755656109,0.3993137254901961,0.07772123363426292,11500X114.png,4.5165293553602535,4.570171303231499
8,1447.0,146.22539674441617,42.92292652221864,0.26127368715547966,0.9576439444076771,0.45745491009119615,0.06653515555980764,11500X114.png,4.5165293553602535,4.570171303231499
9,1214.0,137.0538238691624,39.315554266835505,0.3643745791669803,0.9484375,0.4631133507768841,0.05985054872722333,11500X114.png,4.5165293553602535,4.570171303231499
10,922.0,118.32590180780451,34.262616074167774,0.38495319928814925,0.9437052200614124,0.4875632682574115,0.04125799789521961,11500X114.png,4.5165293553602535,4.570171303231499
11,844.0,112.3259018078045,32.78130832893156,0.41595618090005004,0.9451287793952967,0.5016587677725118,0.039445011586599785,11500X114.png,4.5165293553602535,4.570171303231499
12,488.0,89.698484809835,24.926710529686012,0.6941530720887156,0.9330783938814532,0.4704676952748312,0.06358143075245833,11500X114.png,4.5165293553602535,4.570171303231499
13,461.0,104.87005768508882,24.22732816723524,0.9383601638948809,0.9408163265306122,0.45959763514950447,0.06709811845938424,11500X114.png,4.5165293553602535,4.570171303231499
14,3.0,1.0,1.9544100476116797,1.0,1.0,0.5647058823529413,0.0,11500X114.png,4.5165293553602535,4.570171303231499
1,5044.0,288.14927829866735,80.13875631455832,0.4487932617430058,0.9515185813997359,0.2873862947240752,0.16433615511704164,11500X115.png,4.5165293553602535,4.570171303231499
2,2640.0,209.39696961967002,57.97717135304921,0.8083768188904528,0.9785025945144552,0.29827688651218065,0.1345160119548761,11500X115.png,4.5165293553602535,4.570171303231499
3,4993.0,298.2497833620557,79.73258459916289,0.6768643044907399,0.9486984609538286,0.33155751385272714,0.13588259094385896,11500X115.png,4.5165293553602535,4.570171303231499
4,2303.0,187.92388155425118,54.150444795265344,0.42117848091524257,0.9595833333333333,0.40913046069491626,0.08387006871180637,11500X115.png,4.5165293553602535,4.570171303231499
5,1111.0,140.36753236814712,37.61075822422045,0.7126397986830912,0.9010543390105434,0.43716136319514304,0.06895015665849472,11500X115.png,4.5165293553602535,4.570171303231499
6,1642.0,156.95331880577402,45.723728330650566,0.3099078417653977,0.9540964555490994,0.4380931909913782,0.08182763189238437,11500X115.png,4.5165293553602535,4.570171303231499
7,400.0,89.42640687119285,22.56758334191025,0.8455973757783333,0.9049773755656109,0.3993137254901961,0.07772123363426292,11500X115.png,4.5165293553602535,4.570171303231499
8,1447.0,146.22539674441617,42.92292652221864,0.26127368715547966,0.9576439444076771,0.45745491009119615,0.06653515555980764,11500X115.png,4.5165293553602535,4.570171303231499
9,1214.0,137.0538238691624,39.315554266835505,0.3643745791669803,0.9484375,0.4631133507768841,0.05985054872722333,11500X115.png,4.5165293553602535,4.570171303231499
10,922.0,118.32590180780451,34.262616074167774,0.38495319928814925,0.9437052200614124,0.4875632682574115,0.04125799789521961,11500X115.png,4.5165293553602535,4.570171303231499
11,844.0,112.3259018078045,32.78130832893156,0.41595618090005004,0.9451287793952967,0.5016587677725118,0.039445011586599785,11500X115.png,4.5165293553602535,4.570171303231499
12,488.0,89.698484809835,24.926710529686012,0.6941530720887156,0.9330783938814532,0.4704676952748312,0.06358143075245833,11500X115.png,4.5165293553602535,4.570171303231499
13,461.0,104.87005768508882,24.22732816723524,0.9383601638948809,0.9408163265306122,0.45959763514950447,0.06709811845938424,11500X115.png,4.5165293553602535,4.570171303231499
14,3.0,1.0,1.9544100476116797,1.0,1.0,0.5647058823529413,0.0,11500X115.png,4.5165293553602535,4.570171303231499
1,3261.0,221.82337649086287,64.43627980711926,0.3428087350865741,0.9599646747129821,0.31807036215283413,0.1411624066149053,11500X116.png,5.006286556350123,5.0999511946738885
2,2585.0,206.46803743153544,57.370063823743436,0.5996674339520718,0.9563448020717721,0.32907194599309747,0.13143254564588647,11500X116.png,5.006286556350123,5.0999511946738885
3,2314.0,211.77564927611036,54.27961225466857,0.843223675880728,0.9657762938230384,0.26717338620841596,0.16472908952954354,11500X116.png,5.006286556350123,5.0999511946738885
4,2205.0,178.12489168102786,52.985782962423364,0.2890202301492989,0.9679543459174714,0.3627068605219866,0.1107194263878192,11500X116.png,5.006286556350123,5.0999511946738885
5,1837.0,165.98275605729688,48.36259963730748,0.49844693942300594,0.9627882599580713,0.42460533478497553,0.08259922614278084,11500X116.png,5.006286556350123,5.0999511946738885
6,1786.0,166.81118318204312,47.68653716613318,0.6620250342379712,0.9622844827586207,0.41625716355971276,0.07884899409745139,11500X116.png,5.006286556350123,5.0999511946738885
7,1503.0,149.98275605729688,43.74561733176193,0.3479217944944926,0.9579349904397706,0.4132467091959871,0.08513107876317069,11500X116.png,5.006286556350123,5.0999511946738885
8,1532.0,160.95331880577405,44.16563123667847,0.5416617380694309,0.9256797583081571,0.4227691598832745,0.07772201502463241,11500X116.png,5.006286556350123,5.0999511946738885
9,1246.0,141.05382386916236,39.830346128799995,0.47174345155705655,0.9277736411020104,0.45218896547383003,0.06369195329119515,11500X116.png,5.006286556350123,5.0999511946738885
10,738.0,111.14823227814082,30.653723819701746,0.7747001787969694,0.9413265306122449,0.4326797385620915,0.0696583992272487,11500X116.png,5.006286556350123,5.0999511946738885
11,538.0,96.56244584051392,26.17255958188877,0.6759344760648249,0.945518453427065,0.46205991690356435,0.078306551343824,11500X116.png,5.006286556350123,5.0999511946738885
12,363.0,72.04163056034263,21.498510523728477,0.4840230338601507,0.9552631578947368,0.5239129260519634,0.027106416229369858,11500X116.png,5.006286556350123,5.0999511946738885
1,3261.0,221.82337649086287,64.43627980711926,0.3428087350865741,0.9599646747129821,0.31807036215283413,0.1411624066149053,11500X117.png,5.006286556350123,5.0999511946738885
2,2585.0,206.46803743153544,57.370063823743436,0.5996674339520718,0.9563448020717721,0.32907194599309747,0.13143254564588647,11500X117.png,5.006286556350123,5.0999511946738885
3,2314.0,211.77564927611036,54.27961225466857,0.843223675880728,0.9657762938230384,0.26717338620841596,0.16472908952954354,11500X117.png,5.006286556350123,5.0999511946738885
4,2205.0,178.12489168102786,52.985782962423364,0.2890202301492989,0.9679543459174714,0.3627068605219866,0.1107194263878192,11500X117.png,5.006286556350123,5.0999511946738885
5,1837.0,165.98275605729688,48.36259963730748,0.49844693942300594,0.9627882599580713,0.42460533478497553,0.08259922614278084,11500X117.png,5.006286556350123,5.0999511946738885
6,1786.0,166.81118318204312,47.68653716613318,0.6620250342379712,0.9622844827586207,0.41625716355971276,0.07884899409745139,11500X117.png,5.006286556350123,5.0999511946738885
7,1503.0,149.98275605729688,43.74561733176193,0.3479217944944926,0.9579349904397706,0.4132467091959871,0.08513107876317069,11500X117.png,5.006286556350123,5.0999511946738885
8,1532.0,160.95331880577405,44.16563123667847,0.5416617380694309,0.9256797583081571,0.4227691598832745,0.07772201502463241,11500X117.png,5.006286556350123,5.0999511946738885
9,1246.0,141.05382386916236,39.830346128799995,0.47174345155705655,0.9277736411020104,0.45218896547383003,0.06369195329119515,11500X117.png,5.006286556350123,5.0999511946738885
10,738.0,111.14823227814082,30.653723819701746,0.7747001787969694,0.9413265306122449,0.4326797385620915,0.0696583992272487,11500X117.png,5.006286556350123,5.0999511946738885
11,538.0,96.56244584051392,26.17255958188877,0.6759344760648249,0.945518453427065,0.46205991690356435,0.078306551343824,11500X117.png,5.006286556350123,5.0999511946738885
12,363.0,72.04163056034263,21.498510523728477,0.4840230338601507,0.9552631578947368,0.5239129260519634,0.027106416229369858,11500X117.png,5.006286556350123,5.0999511946738885
1,5399.0,293.42135623730945,82.91091786987492,0.42633970538212784,0.9594810733961259,0.3661353409672815,0.15409688210090303,11500X118.png,5.598631667075524,5.683964312242976
2,1905.0,182.65180361560903,49.24958205630262,0.7031121117508555,0.9454094292803971,0.3731665894704338,0.18037100510581017,11500X118.png,5.598631667075524,5.683964312242976
3,1793.0,172.65180361560903,47.77989643888051,0.7659226193836158,0.9552477357485349,0.38177225156654965,0.16703572475238493,11500X118.png,5.598631667075524,5.683964312242976
4,2482.0,188.6101730552664,56.21548318775419,0.2896690158460592,0.9748625294579732,0.46118405460492007,0.09215875236675734,11500X118.png,5.598631667075524,5.683964312242976
5,1597.0,154.71067811865476,45.09283261164744,0.4719220723279106,0.9608904933814681,0.5107272213832308,0.07426646355654026,11500X118.png,5.598631667075524,5.683964312242976
6,1430.0,155.53910524340094,42.67004275802032,0.7372780788474674,0.9231762427372499,0.5522117098587686,0.05006450003740414,11500X118.png,5.598631667075524,5.683964312242976
7,1059.0,127.05382386916237,36.72003101679705,0.41231621861958445,0.9421708185053381,0.5548593752893035,0.047875462341568975,11500X118.png,5.598631667075524,5.683964312242976
8,874.0,112.32590180780451,33.35882734897215,0.49281599071510696,0.9562363238512035,0.5688293624085788,0.048470597794750464,11500X118.png,5.598631667075524,5.683964312242976
9,847.0,124.76955262170048,32.839517267930155,0.8565046853372797,0.9463687150837988,0.5243836377526216,0.07536780883193127,11500X118.png,5.598631667075524,5.683964312242976
10,395.0,85.24873734152916,22.42609239636699,0.8707103548274342,0.9541062801932367,0.5641697691734922,0.049886352759552326,11500X118.png,5.598631667075524,5.683964312242976
11,510.0,108.90559159102153,25.482389366284572,0.936163238316998,0.9392265193370166,0.5440292195309497,0.07150734778585757,11500X118.png,5.598631667075524,5.683964312242976
1,5399.0,293.42135623730945,82.91091786987492,0.42633970538212784,0.9594810733961259,0.3661353409672815,0.15409688210090303,11500X119.png,5.598631667075524,5.683964312242976
2,1905.0,182.65180361560903,49.24958205630262,0.7031121117508555,0.9454094292803971,0.3731665894704338,0.18037100510581017,11500X119.png,5.598631667075524,5.683964312242976
3,1793.0,172.65180361560903,47.77989643888051,0.7659226193836158,0.9552477357485349,0.38177225156654965,0.16703572475238493,11500X119.png,5.598631667075524,5.683964312242976
4,2482.0,188.6101730552664,56.21548318775419,0.2896690158460592,0.9748625294579732,0.46118405460492007,0.09215875236675734,11500X119.png,5.598631667075524,5.683964312242976
5,1597.0,154.71067811865476,45.09283261164744,0.4719220723279106,0.9608904933814681,0.5107272213832308,0.07426646355654026,11500X119.png,5.598631667075524,5.683964312242976
6,1430.0,155.53910524340094,42.67004275802032,0.7372780788474674,0.9231762427372499,0.5522117098587686,0.05006450003740414,11500X119.png,5.598631667075524,5.683964312242976
7,1059.0,127.05382386916237,36.72003101679705,0.41231621861958445,0.9421708185053381,0.5548593752893035,0.047875462341568975,11500X119.png,5.598631667075524,5.683964312242976
8,874.0,112.32590180780451,33.35882734897215,0.49281599071510696,0.9562363238512035,0.5688293624085788,0.048470597794750464,11500X119.png,5.598631667075524,5.683964312242976
9,847.0,124.76955262170048,32.839517267930155,0.8565046853372797,0.9463687150837988,0.5243836377526216,0.07536780883193127,11500X119.png,5.598631667075524,5.683964312242976
10,395.0,85.24873734152916,22.42609239636699,0.8707103548274342,0.9541062801932367,0.5641697691734922,0.049886352759552326,11500X119.png,5.598631667075524,5.683964312242976
11,510.0,108.90559159102153,25.482389366284572,0.936163238316998,0.9392265193370166,0.5440292195309497,0.07150734778585757,11500X119.png,5.598631667075524,5.683964312242976
1,4213.0,250.55129855222071,73.24041372063132,0.38385239078160965,0.9709610509333948,0.3198810404769551,0.175723184553433,11500X12.png,4.526731258155013,4.581312365744221
2,3127.0,217.23759005323592,63.0984948821036,0.34759542030658636,0.9606758832565284,0.4120544028292481,0.1210027012365436,11500X12.png,4.526731258155013,4.581312365744221
3,3123.0,215.4802307403552,63.058124759684326,0.1046826889912596,0.9600368890255149,0.382300829393557,0.12815315788596995,11500X12.png,4.526731258155013,4.581312365744221
4,2334.0,189.33809511662423,54.513678076349514,0.29012684583189885,0.956949569495695,0.434795100559504,0.10583726462225919,11500X12.png,4.526731258155013,4.581312365744221
5,2191.0,176.36753236814715,52.8173062784798,0.32670732752400705,0.9690402476780186,0.43277937373032277,0.11060915270651753,11500X12.png,4.526731258155013,4.581312365744221
6,2142.0,181.6812408671319,52.22335784706608,0.31785066577015947,0.9507323568575233,0.44911480932242176,0.09684308084001286,11500X12.png,4.526731258155013,4.581312365744221
7,2777.0,213.62236636408616,59.4624773763215,0.745177707118313,0.9529855868222374,0.4056754714849569,0.12029358249360382,11500X12.png,4.526731258155013,4.581312365744221
8,1561.0,159.6812408671319,44.581688273680136,0.5116070919421236,0.9269596199524941,0.4682543869565763,0.09069577873513684,11500X12.png,4.526731258155013,4.581312365744221
9,1411.0,144.22539674441617,42.38562253431362,0.22913651863134338,0.9508086253369272,0.43380164255638465,0.10844561382820633,11500X12.png,4.526731258155013,4.581312365744221
10,450.0,101.78174593052023,23.936536824085962,0.9355962827233536,0.8555133079847909,0.47839651416122003,0.08574086582406844,11500X12.png,4.526731258155013,4.581312365744221
11,981.0,125.05382386916237,35.34187308823903,0.42455396938224543,0.9396551724137931,0.5307669245068057,0.05453781434830811,11500X12.png,4.526731258155013,4.581312365744221
12,440.0,79.94112549695429,23.66908109081279,0.5959035377695111,0.962800875273523,0.5644385026737967,0.030160380399704832,11500X12.png,4.526731258155013,4.581312365744221
1,3635.0,240.61017305526642,68.03106455959893,0.6657297796418175,0.9716653301256348,0.4018566766458991,0.14076384497939665,11500X120.png,4.6927205234899825,4.7441157432282175
2,3049.0,239.78174593052023,62.30655962174056,0.7685568614827321,0.9552005012531328,0.36060296207692655,0.16694896739386295,11500X120.png,4.6927205234899825,4.7441157432282175
3,4293.0,259.03657992645924,73.9325189990714,0.6055163833055184,0.9584728734092431,0.4223208780367493,0.13255761851147319,11500X120.png,4.6927205234899825,4.7441157432282175
4,3514.0,232.99494936611666,66.88919015954194,0.3676820597757056,0.955930359085963,0.44891916926133,0.12076908093759783,11500X120.png,4.6927205234899825,4.7441157432282175
5,2284.0,185.1959594928933,53.926608647078034,0.3687252751288374,0.9637130801687763,0.500254112152742,0.09892670009598405,11500X120.png,4.6927205234899825,4.7441157432282175
6,2143.0,182.02438661763952,52.23554675091909,0.37688599918973487,0.9515985790408525,0.5167595362923518,0.08735905602425102,11500X120.png,4.6927205234899825,4.7441157432282175
7,2082.0,188.50966799187808,51.48674326599624,0.46833986790362064,0.9302949061662198,0.5246915673089602,0.0808628241790201,11500X120.png,4.6927205234899825,4.7441157432282175
8,1378.0,147.88225099390857,41.88703967392604,0.441359732203472,0.9464285714285714,0.5611315063035374,0.06545242060697008,11500X120.png,4.6927205234899825,4.7441157432282175
9,1856.0,195.84062043356596,48.61206223797199,0.9290856637001074,0.9537512846865365,0.4078241210277214,0.1702173424727157,11500X120.png,4.6927205234899825,4.7441157432282175
10,1293.0,142.46803743153546,40.57460697705605,0.348612086416705,0.9315561959654178,0.5670109033559286,0.060662094881467336,11500X120.png,4.6927205234899825,4.7441157432282175
11,736.0,115.76955262170047,30.612159429303247,0.8079926561336809,0.9304677623261695,0.5704550298380222,0.06212347102874276,11500X120.png,4.6927205234899825,4.7441157432282175
1,3635.0,240.61017305526642,68.03106455959893,0.6657297796418175,0.9716653301256348,0.4018566766458991,0.14076384497939665,11500X121.png,4.6927205234899825,4.7441157432282175
2,3049.0,239.78174593052023,62.30655962174056,0.7685568614827321,0.9552005012531328,0.36060296207692655,0.16694896739386295,11500X121.png,4.6927205234899825,4.7441157432282175
3,4293.0,259.03657992645924,73.9325189990714,0.6055163833055184,0.9584728734092431,0.4223208780367493,0.13255761851147319,11500X121.png,4.6927205234899825,4.7441157432282175
4,3514.0,232.99494936611666,66.88919015954194,0.3676820597757056,0.955930359085963,0.44891916926133,0.12076908093759783,11500X121.png,4.6927205234899825,4.7441157432282175
5,2284.0,185.1959594928933,53.926608647078034,0.3687252751288374,0.9637130801687763,0.500254112152742,0.09892670009598405,11500X121.png,4.6927205234899825,4.7441157432282175
6,2143.0,182.02438661763952,52.23554675091909,0.37688599918973487,0.9515985790408525,0.5167595362923518,0.08735905602425102,11500X121.png,4.6927205234899825,4.7441157432282175
7,2082.0,188.50966799187808,51.48674326599624,0.46833986790362064,0.9302949061662198,0.5246915673089602,0.0808628241790201,11500X121.png,4.6927205234899825,4.7441157432282175
8,1378.0,147.88225099390857,41.88703967392604,0.441359732203472,0.9464285714285714,0.5611315063035374,0.06545242060697008,11500X121.png,4.6927205234899825,4.7441157432282175
9,1856.0,195.84062043356596,48.61206223797199,0.9290856637001074,0.9537512846865365,0.4078241210277214,0.1702173424727157,11500X121.png,4.6927205234899825,4.7441157432282175
10,1293.0,142.46803743153546,40.57460697705605,0.348612086416705,0.9315561959654178,0.5670109033559286,0.060662094881467336,11500X121.png,4.6927205234899825,4.7441157432282175
11,736.0,115.76955262170047,30.612159429303247,0.8079926561336809,0.9304677623261695,0.5704550298380222,0.06212347102874276,11500X121.png,4.6927205234899825,4.7441157432282175
1,3141.0,237.08935777509512,63.239587364349134,0.7714783146199968,0.9736515809051457,0.33550823704203103,0.20599902147707796,11500X122.png,5.540942189987905,5.6130833104069655
2,3799.0,235.82337649086284,69.54881041720903,0.39392821412624635,0.9731045081967213,0.4591734667017636,0.12525721650518187,11500X122.png,5.540942189987905,5.6130833104069655
3,4009.0,260.5929291125633,71.44520512143042,0.7061124012147988,0.9340633737185461,0.4549489139631907,0.11248581505822154,11500X122.png,5.540942189987905,5.6130833104069655
4,2183.0,182.5096679918781,52.72079216169708,0.40601339310772405,0.9608274647887324,0.5283662525935706,0.08247773303707401,11500X122.png,5.540942189987905,5.6130833104069655
5,2062.0,181.92388155425118,51.238851872811374,0.4148792001004097,0.9484820607175714,0.529067533900078,0.08030079922931548,11500X122.png,5.540942189987905,5.6130833104069655
6,1357.0,147.3380951166243,41.56664603026825,0.3443410763509249,0.9556338028169014,0.47971736963023975,0.11097453777127789,11500X122.png,5.540942189987905,5.6130833104069655
7,1083.0,125.98275605729691,37.13379090462191,0.25179209165663174,0.9533450704225352,0.5943367189904585,0.045939804632751984,11500X122.png,5.540942189987905,5.6130833104069655
8,962.0,121.39696961966999,34.997949111844065,0.310333917917876,0.9468503937007874,0.5856100444335738,0.0550683899719614,11500X122.png,5.540942189987905,5.6130833104069655
9,929.0,125.05382386916237,34.39243429969688,0.5405564300053257,0.9280719280719281,0.606264378733194,0.045563498816365886,11500X122.png,5.540942189987905,5.6130833104069655
10,766.0,115.79898987322333,31.229817342839755,0.8785411207984981,0.975796178343949,0.5395023805866995,0.07966890946231416,11500X122.png,5.540942189987905,5.6130833104069655
11,426.0,98.28427124746189,23.28948359361322,0.9003313231035087,0.8658536585365854,0.6015281229862836,0.04640658281952122,11500X122.png,5.540942189987905,5.6130833104069655
12,219.0,58.72792206135785,16.698486766680407,0.7295065103871723,0.9820627802690582,0.5771510430656281,0.05724960721362556,11500X122.png,5.540942189987905,5.6130833104069655
1,3141.0,237.08935777509512,63.239587364349134,0.7714783146199968,0.9736515809051457,0.33550823704203103,0.20599902147707796,11500X123.png,5.540942189987905,5.6130833104069655
2,3799.0,235.82337649086284,69.54881041720903,0.39392821412624635,0.9731045081967213,0.4591734667017636,0.12525721650518187,11500X123.png,5.540942189987905,5.6130833104069655
3,4009.0,260.5929291125633,71.44520512143042,0.7061124012147988,0.9340633737185461,0.4549489139631907,0.11248581505822154,11500X123.png,5.540942189987905,5.6130833104069655
4,2183.0,182.5096679918781,52.72079216169708,0.40601339310772405,0.9608274647887324,0.5283662525935706,0.08247773303707401,11500X123.png,5.540942189987905,5.6130833104069655
5,2062.0,181.92388155425118,51.238851872811374,0.4148792001004097,0.9484820607175714,0.529067533900078,0.08030079922931548,11500X123.png,5.540942189987905,5.6130833104069655
6,1357.0,147.3380951166243,41.56664603026825,0.3443410763509249,0.9556338028169014,0.47971736963023975,0.11097453777127789,11500X123.png,5.540942189987905,5.6130833104069655
7,1083.0,125.98275605729691,37.13379090462191,0.25179209165663174,0.9533450704225352,0.5943367189904585,0.045939804632751984,11500X123.png,5.540942189987905,5.6130833104069655
8,962.0,121.39696961966999,34.997949111844065,0.310333917917876,0.9468503937007874,0.5856100444335738,0.0550683899719614,11500X123.png,5.540942189987905,5.6130833104069655
9,929.0,125.05382386916237,34.39243429969688,0.5405564300053257,0.9280719280719281,0.606264378733194,0.045563498816365886,11500X123.png,5.540942189987905,5.6130833104069655
10,766.0,115.79898987322333,31.229817342839755,0.8785411207984981,0.975796178343949,0.5395023805866995,0.07966890946231416,11500X123.png,5.540942189987905,5.6130833104069655
11,426.0,98.28427124746189,23.28948359361322,0.9003313231035087,0.8658536585365854,0.6015281229862836,0.04640658281952122,11500X123.png,5.540942189987905,5.6130833104069655
12,219.0,58.72792206135785,16.698486766680407,0.7295065103871723,0.9820627802690582,0.5771510430656281,0.05724960721362556,11500X123.png,5.540942189987905,5.6130833104069655
1,2053.0,193.1543289325507,51.1269086229677,0.8472938245766463,0.9661176470588235,0.3102069663715462,0.1881323421812436,11500X124.png,5.778313713405554,5.9023585470672355
2,2201.0,188.8528137423857,52.937701479778035,0.23997550714250446,0.9450407900386432,0.4046983991233931,0.13724967459595414,11500X124.png,5.778313713405554,5.9023585470672355
3,2157.0,174.95331880577405,52.405893733374555,0.4343271943018839,0.9760180995475113,0.4286381775705182,0.11483140013460415,11500X124.png,5.778313713405554,5.9023585470672355
4,2121.0,177.6812408671319,51.96673045693062,0.42379505269334783,0.9623411978221416,0.4464172467666935,0.11731799020277214,11500X124.png,5.778313713405554,5.9023585470672355
5,2099.0,180.95331880577405,51.69651636618377,0.3860558264524436,0.9459215863001352,0.42225896552046255,0.11960695353432398,11500X124.png,5.778313713405554,5.9023585470672355
6,1551.0,152.71067811865473,44.43866035204299,0.3241141043588114,0.955637707948244,0.4700041718815185,0.08871175671401846,11500X124.png,5.778313713405554,5.9023585470672355
7,1060.0,131.88225099390857,36.73736405104852,0.5321622846358112,0.9298245614035088,0.5154605993340732,0.0699595352360422,11500X124.png,5.778313713405554,5.9023585470672355
8,818.0,135.976659402887,32.27243324562564,0.9388468777756546,0.9634864546525324,0.41337072726401075,0.13981892840271307,11500X124.png,5.778313713405554,5.9023585470672355
9,447.0,90.38477631085023,23.85661494212072,0.8158712532694046,0.9530916844349681,0.471632232311269,0.09871423012988836,11500X124.png,5.778313713405554,5.9023585470672355
1,2053.0,193.1543289325507,51.1269086229677,0.8472938245766463,0.9661176470588235,0.3102069663715462,0.1881323421812436,11500X125.png,5.778313713405554,5.9023585470672355
2,2201.0,188.8528137423857,52.937701479778035,0.23997550714250446,0.9450407900386432,0.4046983991233931,0.13724967459595414,11500X125.png,5.778313713405554,5.9023585470672355
3,2157.0,174.95331880577405,52.405893733374555,0.4343271943018839,0.9760180995475113,0.4286381775705182,0.11483140013460415,11500X125.png,5.778313713405554,5.9023585470672355
4,2121.0,177.6812408671319,51.96673045693062,0.42379505269334783,0.9623411978221416,0.4464172467666935,0.11731799020277214,11500X125.png,5.778313713405554,5.9023585470672355
5,2099.0,180.95331880577405,51.69651636618377,0.3860558264524436,0.9459215863001352,0.42225896552046255,0.11960695353432398,11500X125.png,5.778313713405554,5.9023585470672355
6,1551.0,152.71067811865473,44.43866035204299,0.3241141043588114,0.955637707948244,0.4700041718815185,0.08871175671401846,11500X125.png,5.778313713405554,5.9023585470672355
7,1060.0,131.88225099390857,36.73736405104852,0.5321622846358112,0.9298245614035088,0.5154605993340732,0.0699595352360422,11500X125.png,5.778313713405554,5.9023585470672355
8,818.0,135.976659402887,32.27243324562564,0.9388468777756546,0.9634864546525324,0.41337072726401075,0.13981892840271307,11500X125.png,5.778313713405554,5.9023585470672355
9,447.0,90.38477631085023,23.85661494212072,0.8158712532694046,0.9530916844349681,0.471632232311269,0.09871423012988836,11500X125.png,5.778313713405554,5.9023585470672355
1,4306.0,288.16652224137044,74.04437507082905,0.8981823502363263,0.9560390763765542,0.2874666448093404,0.1701133348775018,11500X126.png,4.566384021101556,4.623513901711481
2,3163.0,223.0538238691624,63.4606703399619,0.661207947141581,0.967574181706944,0.2948193883939918,0.16121624700547946,11500X126.png,4.566384021101556,4.623513901711481
3,2128.0,182.12489168102783,52.05241350020599,0.21605736706889805,0.9555455770094298,0.43874760430487986,0.09597704721089721,11500X126.png,4.566384021101556,4.623513901711481
4,2057.0,187.23149339882605,51.17669140849406,0.6375148128437688,0.924910071942446,0.44279218736595266,0.0883288226021648,11500X126.png,4.566384021101556,4.623513901711481
5,1642.0,157.19595949289334,45.723728330650566,0.363819801378032,0.9552065154159395,0.43456568985694155,0.09754033930891028,11500X126.png,4.566384021101556,4.623513901711481
6,1540.0,154.4680374315355,44.28079605079555,0.3495569115455857,0.9459459459459459,0.44870893812070284,0.10310930454339613,11500X126.png,4.566384021101556,4.623513901711481
7,1557.0,175.49747468305833,44.52453223957157,0.8883013161489168,0.9581538461538461,0.3341317516088002,0.15521915449917542,11500X126.png,4.566384021101556,4.623513901711481
8,1535.0,155.05382386916236,44.20885319897447,0.6658720594540543,0.9575795383655645,0.44373251580762596,0.08694033934353947,11500X126.png,4.566384021101556,4.623513901711481
9,1029.0,148.66904755831214,36.19618062078487,0.9137700679419296,0.9572093023255814,0.3678652413346291,0.15048204861551656,11500X126.png,4.566384021101556,4.623513901711481
1,4306.0,288.16652224137044,74.04437507082905,0.8981823502363263,0.9560390763765542,0.2874666448093404,0.1701133348775018,11500X127.png,4.566384021101556,4.623513901711481
2,3163.0,223.0538238691624,63.4606703399619,0.661207947141581,0.967574181706944,0.2948193883939918,0.16121624700547946,11500X127.png,4.566384021101556,4.623513901711481
3,2128.0,182.12489168102783,52.05241350020599,0.21605736706889805,0.9555455770094298,0.43874760430487986,0.09597704721089721,11500X127.png,4.566384021101556,4.623513901711481
4,2057.0,187.23149339882605,51.17669140849406,0.6375148128437688,0.924910071942446,0.44279218736595266,0.0883288226021648,11500X127.png,4.566384021101556,4.623513901711481
5,1642.0,157.19595949289334,45.723728330650566,0.363819801378032,0.9552065154159395,0.43456568985694155,0.09754033930891028,11500X127.png,4.566384021101556,4.623513901711481
6,1540.0,154.4680374315355,44.28079605079555,0.3495569115455857,0.9459459459459459,0.44870893812070284,0.10310930454339613,11500X127.png,4.566384021101556,4.623513901711481
7,1557.0,175.49747468305833,44.52453223957157,0.8883013161489168,0.9581538461538461,0.3341317516088002,0.15521915449917542,11500X127.png,4.566384021101556,4.623513901711481
8,1535.0,155.05382386916236,44.20885319897447,0.6658720594540543,0.9575795383655645,0.44373251580762596,0.08694033934353947,11500X127.png,4.566384021101556,4.623513901711481
9,1029.0,148.66904755831214,36.19618062078487,0.9137700679419296,0.9572093023255814,0.3678652413346291,0.15048204861551656,11500X127.png,4.566384021101556,4.623513901711481
1,5833.0,299.90663761154804,86.1789200700508,0.41204004008149825,0.9686150780471604,0.2930917060806836,0.16621439319941328,11500X128.png,3.966749740567183,4.005058178963408
2,5276.0,309.7645019878171,81.9610385367506,0.7155557811264122,0.9277299103217865,0.3320184631851224,0.16485832552910687,11500X128.png,3.966749740567183,4.005058178963408
3,3498.0,231.4802307403552,66.73673596665932,0.40512062915505226,0.9580936729663106,0.37899528021614587,0.1223073893696698,11500X128.png,3.966749740567183,4.005058178963408
4,2788.0,204.5096679918781,59.580129663518136,0.2619431184978155,0.9603858077850499,0.42179649478155684,0.10127693363594466,11500X128.png,3.966749740567183,4.005058178963408
5,2014.0,184.2253967444162,50.63896171029396,0.7741594571286482,0.9581351094196003,0.3686644469108398,0.13269044871479793,11500X128.png,3.966749740567183,4.005058178963408
6,2545.0,195.095454429505,56.92446434838882,0.35111901246044086,0.960377358490566,0.3690234600716515,0.12820008904745708,11500X128.png,3.966749740567183,4.005058178963408
7,1707.0,164.61017305526644,46.61995176813166,0.3315588869549569,0.9368825466520307,0.4603972110226633,0.08414769191718295,11500X128.png,3.966749740567183,4.005058178963408
8,1363.0,144.5685424949238,41.658438514591815,0.5207290989383779,0.9524807826694619,0.48702832563693116,0.0641159814577459,11500X128.png,3.966749740567183,4.005058178963408
9,1467.0,153.0538238691624,43.21854245721949,0.5210151216764205,0.941591784338896,0.5064463958725958,0.06190905610705553,11500X128.png,3.966749740567183,4.005058178963408
10,836.0,111.49747468305833,32.625576767294035,0.494137564682875,0.95,0.518641523595084,0.04684612768028521,11500X128.png,3.966749740567183,4.005058178963408
11,483.0,86.42640687119284,24.798683434954437,0.508448531186833,0.9235181644359465,0.551845085860431,0.0366797764152963,11500X128.png,3.966749740567183,4.005058178963408
1,5833.0,299.90663761154804,86.1789200700508,0.41204004008149825,0.9686150780471604,0.2930917060806836,0.16621439319941328,11500X129.png,3.966749740567183,4.005058178963408
2,5276.0,309.7645019878171,81.9610385367506,0.7155557811264122,0.9277299103217865,0.3320184631851224,0.16485832552910687,11500X129.png,3.966749740567183,4.005058178963408
3,3498.0,231.4802307403552,66.73673596665932,0.40512062915505226,0.9580936729663106,0.37899528021614587,0.1223073893696698,11500X129.png,3.966749740567183,4.005058178963408
4,2788.0,204.5096679918781,59.580129663518136,0.2619431184978155,0.9603858077850499,0.42179649478155684,0.10127693363594466,11500X129.png,3.966749740567183,4.005058178963408
5,2014.0,184.2253967444162,50.63896171029396,0.7741594571286482,0.9581351094196003,0.3686644469108398,0.13269044871479793,11500X129.png,3.966749740567183,4.005058178963408
6,2545.0,195.095454429505,56.92446434838882,0.35111901246044086,0.960377358490566,0.3690234600716515,0.12820008904745708,11500X129.png,3.966749740567183,4.005058178963408
7,1707.0,164.61017305526644,46.61995176813166,0.3315588869549569,0.9368825466520307,0.4603972110226633,0.08414769191718295,11500X129.png,3.966749740567183,4.005058178963408
8,1363.0,144.5685424949238,41.658438514591815,0.5207290989383779,0.9524807826694619,0.48702832563693116,0.0641159814577459,11500X129.png,3.966749740567183,4.005058178963408
9,1467.0,153.0538238691624,43.21854245721949,0.5210151216764205,0.941591784338896,0.5064463958725958,0.06190905610705553,11500X129.png,3.966749740567183,4.005058178963408
10,836.0,111.49747468305833,32.625576767294035,0.494137564682875,0.95,0.518641523595084,0.04684612768028521,11500X129.png,3.966749740567183,4.005058178963408
11,483.0,86.42640687119284,24.798683434954437,0.508448531186833,0.9235181644359465,0.551845085860431,0.0366797764152963,11500X129.png,3.966749740567183,4.005058178963408
1,4213.0,250.55129855222071,73.24041372063132,0.38385239078160965,0.9709610509333948,0.3198810404769551,0.175723184553433,11500X13.png,4.526731258155013,4.581312365744221
2,3127.0,217.23759005323592,63.0984948821036,0.34759542030658636,0.9606758832565284,0.4120544028292481,0.1210027012365436,11500X13.png,4.526731258155013,4.581312365744221
3,3123.0,215.4802307403552,63.058124759684326,0.1046826889912596,0.9600368890255149,0.382300829393557,0.12815315788596995,11500X13.png,4.526731258155013,4.581312365744221
4,2334.0,189.33809511662423,54.513678076349514,0.29012684583189885,0.956949569495695,0.434795100559504,0.10583726462225919,11500X13.png,4.526731258155013,4.581312365744221
5,2191.0,176.36753236814715,52.8173062784798,0.32670732752400705,0.9690402476780186,0.43277937373032277,0.11060915270651753,11500X13.png,4.526731258155013,4.581312365744221
6,2142.0,181.6812408671319,52.22335784706608,0.31785066577015947,0.9507323568575233,0.44911480932242176,0.09684308084001286,11500X13.png,4.526731258155013,4.581312365744221
7,2777.0,213.62236636408616,59.4624773763215,0.745177707118313,0.9529855868222374,0.4056754714849569,0.12029358249360382,11500X13.png,4.526731258155013,4.581312365744221
8,1561.0,159.6812408671319,44.581688273680136,0.5116070919421236,0.9269596199524941,0.4682543869565763,0.09069577873513684,11500X13.png,4.526731258155013,4.581312365744221
9,1411.0,144.22539674441617,42.38562253431362,0.22913651863134338,0.9508086253369272,0.43380164255638465,0.10844561382820633,11500X13.png,4.526731258155013,4.581312365744221
10,450.0,101.78174593052023,23.936536824085962,0.9355962827233536,0.8555133079847909,0.47839651416122003,0.08574086582406844,11500X13.png,4.526731258155013,4.581312365744221
11,981.0,125.05382386916237,35.34187308823903,0.42455396938224543,0.9396551724137931,0.5307669245068057,0.05453781434830811,11500X13.png,4.526731258155013,4.581312365744221
12,440.0,79.94112549695429,23.66908109081279,0.5959035377695111,0.962800875273523,0.5644385026737967,0.030160380399704832,11500X13.png,4.526731258155013,4.581312365744221
1,3725.0,238.06601717798213,68.86811529393324,0.3025502699805051,0.9647759647759647,0.4055059876299513,0.1378456475136412,11500X130.png,5.82202783841041,5.916109862249621
2,2021.0,193.7401153701776,50.72688754408025,0.774585864296417,0.9533018867924529,0.44459062199842825,0.1327733597150818,11500X130.png,5.82202783841041,5.916109862249621
3,2281.0,183.39696961967,53.89118111102137,0.4865076515467034,0.9702254359846874,0.45066749189811833,0.10672096156956934,11500X130.png,5.82202783841041,5.916109862249621
4,2032.0,175.98275605729688,50.86474962979618,0.5474180844381353,0.9717838354854137,0.45891423498533274,0.09902055990863076,11500X130.png,5.82202783841041,5.916109862249621
5,1701.0,160.71067811865476,46.5379465124377,0.39753221088675694,0.9529411764705882,0.5144793719957119,0.08371350667676493,11500X130.png,5.82202783841041,5.916109862249621
6,1773.0,192.76955262170046,47.51266897171157,0.9053348022136761,0.9466097170315003,0.3460889375490748,0.18916117322097295,11500X130.png,5.82202783841041,5.916109862249621
7,1620.0,153.05382386916236,45.416385396362884,0.3830346890719135,0.9637120761451516,0.5301428225611232,0.0738004494647167,11500X130.png,5.82202783841041,5.916109862249621
8,1318.0,143.53910524340094,40.96498163017951,0.4462914463360498,0.9387464387464387,0.5391978339135352,0.07141987418495083,11500X130.png,5.82202783841041,5.916109862249621
9,1096.0,128.3259018078045,37.355997390375464,0.38791458638037263,0.9547038327526133,0.5583404894804637,0.055441309355888105,11500X130.png,5.82202783841041,5.916109862249621
1,3725.0,238.06601717798213,68.86811529393324,0.3025502699805051,0.9647759647759647,0.4055059876299513,0.1378456475136412,11500X131.png,5.82202783841041,5.916109862249621
2,2021.0,193.7401153701776,50.72688754408025,0.774585864296417,0.9533018867924529,0.44459062199842825,0.1327733597150818,11500X131.png,5.82202783841041,5.916109862249621
3,2281.0,183.39696961967,53.89118111102137,0.4865076515467034,0.9702254359846874,0.45066749189811833,0.10672096156956934,11500X131.png,5.82202783841041,5.916109862249621
4,2032.0,175.98275605729688,50.86474962979618,0.5474180844381353,0.9717838354854137,0.45891423498533274,0.09902055990863076,11500X131.png,5.82202783841041,5.916109862249621
5,1701.0,160.71067811865476,46.5379465124377,0.39753221088675694,0.9529411764705882,0.5144793719957119,0.08371350667676493,11500X131.png,5.82202783841041,5.916109862249621
6,1773.0,192.76955262170046,47.51266897171157,0.9053348022136761,0.9466097170315003,0.3460889375490748,0.18916117322097295,11500X131.png,5.82202783841041,5.916109862249621
7,1620.0,153.05382386916236,45.416385396362884,0.3830346890719135,0.9637120761451516,0.5301428225611232,0.0738004494647167,11500X131.png,5.82202783841041,5.916109862249621
8,1318.0,143.53910524340094,40.96498163017951,0.4462914463360498,0.9387464387464387,0.5391978339135352,0.07141987418495083,11500X131.png,5.82202783841041,5.916109862249621
9,1096.0,128.3259018078045,37.355997390375464,0.38791458638037263,0.9547038327526133,0.5583404894804637,0.055441309355888105,11500X131.png,5.82202783841041,5.916109862249621
1,3752.0,239.35533905932738,69.11725379271323,0.5767300696318466,0.9933809902038655,0.20156465571303148,0.16082348737144625,11500X132.png,4.457766575251366,4.494511962366149
2,5915.0,302.8355697996826,86.78255531561909,0.6708161849109376,0.9624145785876993,0.2258339548837286,0.2138433754071368,11500X132.png,4.457766575251366,4.494511962366149
3,2189.0,180.26702730475878,52.793194290791604,0.31388459300936206,0.9575678040244969,0.444783632959808,0.08114429398817243,11500X132.png,4.457766575251366,4.494511962366149
4,1027.0,121.7401153701776,36.16098743733379,0.2995784122142153,0.9562383612662942,0.5162113141264295,0.05213623186415069,11500X132.png,4.457766575251366,4.494511962366149
5,995.0,122.5685424949238,35.593164329846914,0.3567838549035202,0.9503342884431709,0.5101862252438664,0.048307655756331565,11500X132.png,4.457766575251366,4.494511962366149
6,925.0,123.9827560572969,34.318312587888485,0.45664604192593705,0.9050880626223092,0.5374711181770004,0.038932349642365346,11500X132.png,4.457766575251366,4.494511962366149
7,811.0,113.1543289325507,32.13405157741889,0.41006922859182576,0.9332566168009206,0.5300645535649525,0.042368046592184676,11500X132.png,4.457766575251366,4.494511962366149
8,824.0,115.7401153701776,32.390575556198044,0.1683746378376851,0.9196428571428571,0.5352608033504663,0.0365932458512461,11500X132.png,4.457766575251366,4.494511962366149
9,746.0,106.5269119345812,30.81942083122964,0.48673305937478073,0.9371859296482412,0.5362613678179046,0.03650436773790984,11500X132.png,4.457766575251366,4.494511962366149
10,502.0,96.76955262170046,25.281737508665255,0.8243461404098209,0.9598470363288719,0.49543004452777123,0.06098012135055676,11500X132.png,4.457766575251366,4.494511962366149
11,452.0,88.42640687119285,23.98967015655475,0.6309797204159353,0.9131313131313131,0.565955231650182,0.020333713329991166,11500X132.png,4.457766575251366,4.494511962366149
12,622.0,121.11269837220807,28.14169498849121,0.9059371095434345,0.8936781609195402,0.4940861231952587,0.07955051736298875,11500X132.png,4.457766575251366,4.494511962366149
1,3752.0,239.35533905932738,69.11725379271323,0.5767300696318466,0.9933809902038655,0.20156465571303148,0.16082348737144625,11500X133.png,4.457766575251366,4.494511962366149
2,5915.0,302.8355697996826,86.78255531561909,0.6708161849109376,0.9624145785876993,0.2258339548837286,0.2138433754071368,11500X133.png,4.457766575251366,4.494511962366149
3,2189.0,180.26702730475878,52.793194290791604,0.31388459300936206,0.9575678040244969,0.444783632959808,0.08114429398817243,11500X133.png,4.457766575251366,4.494511962366149
4,1027.0,121.7401153701776,36.16098743733379,0.2995784122142153,0.9562383612662942,0.5162113141264295,0.05213623186415069,11500X133.png,4.457766575251366,4.494511962366149
5,995.0,122.5685424949238,35.593164329846914,0.3567838549035202,0.9503342884431709,0.5101862252438664,0.048307655756331565,11500X133.png,4.457766575251366,4.494511962366149
6,925.0,123.9827560572969,34.318312587888485,0.45664604192593705,0.9050880626223092,0.5374711181770004,0.038932349642365346,11500X133.png,4.457766575251366,4.494511962366149
7,811.0,113.1543289325507,32.13405157741889,0.41006922859182576,0.9332566168009206,0.5300645535649525,0.042368046592184676,11500X133.png,4.457766575251366,4.494511962366149
8,824.0,115.7401153701776,32.390575556198044,0.1683746378376851,0.9196428571428571,0.5352608033504663,0.0365932458512461,11500X133.png,4.457766575251366,4.494511962366149
9,746.0,106.5269119345812,30.81942083122964,0.48673305937478073,0.9371859296482412,0.5362613678179046,0.03650436773790984,11500X133.png,4.457766575251366,4.494511962366149
10,502.0,96.76955262170046,25.281737508665255,0.8243461404098209,0.9598470363288719,0.49543004452777123,0.06098012135055676,11500X133.png,4.457766575251366,4.494511962366149
11,452.0,88.42640687119285,23.98967015655475,0.6309797204159353,0.9131313131313131,0.565955231650182,0.020333713329991166,11500X133.png,4.457766575251366,4.494511962366149
12,622.0,121.11269837220807,28.14169498849121,0.9059371095434345,0.8936781609195402,0.4940861231952587,0.07955051736298875,11500X133.png,4.457766575251366,4.494511962366149
1,4715.0,265.03657992645924,77.48112320705148,0.26578489865435595,0.964607201309329,0.2776911400827563,0.15794794401566942,11500X134.png,4.135369756181016,4.182673059629367
2,3794.0,239.37972567696687,69.50302750762162,0.10227757006383394,0.9651488170948868,0.3038967616566922,0.1431997379553173,11500X134.png,4.135369756181016,4.182673059629367
3,3513.0,232.3086578651014,66.87967195385028,0.12908650190771978,0.9640504939626784,0.3204400462148993,0.1360335125288233,11500X134.png,4.135369756181016,4.182673059629367
4,2921.0,208.02438661763952,60.984692424996375,0.4941818515999958,0.9643446682073291,0.34532627155620893,0.12137074673696294,11500X134.png,4.135369756181016,4.182673059629367
5,3780.0,266.79393923934003,69.3746746233733,0.8367539375686615,0.9168081494057725,0.368708372237784,0.1145752866230024,11500X134.png,4.135369756181016,4.182673059629367
6,2141.0,181.1959594928933,52.2111660976652,0.35377666609033576,0.9490248226950354,0.4083688216061763,0.09211996032735824,11500X134.png,4.135369756181016,4.182673059629367
7,1265.0,137.53910524340094,40.13287958881073,0.39055957589764295,0.9518434913468774,0.46441912733472834,0.06246678239565876,11500X134.png,4.135369756181016,4.182673059629367
8,971.0,118.66904755831214,35.16127981086358,0.5142261311674283,0.9538310412573674,0.4796954827245007,0.05373125534559581,11500X134.png,4.135369756181016,4.182673059629367
9,916.0,115.49747468305831,34.15095054280933,0.33790317645952556,0.9443298969072165,0.48909153180923026,0.05296025316119647,11500X134.png,4.135369756181016,4.182673059629367
10,304.0,73.79898987322332,19.67396303746374,0.8394419695858459,0.9353846153846154,0.49752321981424147,0.04130694403405793,11500X134.png,4.135369756181016,4.182673059629367
1,4715.0,265.03657992645924,77.48112320705148,0.26578489865435595,0.964607201309329,0.2776911400827563,0.15794794401566942,11500X135.png,4.135369756181016,4.182673059629367
2,3794.0,239.37972567696687,69.50302750762162,0.10227757006383394,0.9651488170948868,0.3038967616566922,0.1431997379553173,11500X135.png,4.135369756181016,4.182673059629367
3,3513.0,232.3086578651014,66.87967195385028,0.12908650190771978,0.9640504939626784,0.3204400462148993,0.1360335125288233,11500X135.png,4.135369756181016,4.182673059629367
4,2921.0,208.02438661763952,60.984692424996375,0.4941818515999958,0.9643446682073291,0.34532627155620893,0.12137074673696294,11500X135.png,4.135369756181016,4.182673059629367
5,3780.0,266.79393923934003,69.3746746233733,0.8367539375686615,0.9168081494057725,0.368708372237784,0.1145752866230024,11500X135.png,4.135369756181016,4.182673059629367
6,2141.0,181.1959594928933,52.2111660976652,0.35377666609033576,0.9490248226950354,0.4083688216061763,0.09211996032735824,11500X135.png,4.135369756181016,4.182673059629367
7,1265.0,137.53910524340094,40.13287958881073,0.39055957589764295,0.9518434913468774,0.46441912733472834,0.06246678239565876,11500X135.png,4.135369756181016,4.182673059629367
8,971.0,118.66904755831214,35.16127981086358,0.5142261311674283,0.9538310412573674,0.4796954827245007,0.05373125534559581,11500X135.png,4.135369756181016,4.182673059629367
9,916.0,115.49747468305831,34.15095054280933,0.33790317645952556,0.9443298969072165,0.48909153180923026,0.05296025316119647,11500X135.png,4.135369756181016,4.182673059629367
10,304.0,73.79898987322332,19.67396303746374,0.8394419695858459,0.9353846153846154,0.49752321981424147,0.04130694403405793,11500X135.png,4.135369756181016,4.182673059629367
